{"initial_reset_timestamp": 1622530808.5322359, "timestamps": [1622530813.5937662, 1622530816.7209508, 1622530819.8397272, 1622530820.321583, 1622530821.4725912, 1622530821.9508266, 1622530822.42877, 1622530822.9068496], "episode_lengths": [373, 228, 228, 30, 80, 30, 30, 30], "episode_rewards": [0.6279999999999997, 0.7729999999999998, 0.7729999999999998, 0.971, 0.9209999999999999, 0.971, 0.971, 0.971], "episode_types": ["t", "t", "t", "t", "t", "t", "t", "t"]}