{"initial_reset_timestamp": 1622556136.3823805, "timestamps": [1622556150.4404128, 1622556158.1068785, 1622556186.4579732, 1622556204.057373, 1622556208.1429684, 1622556215.9899623, 1622556240.2888637, 1622556252.777493, 1622556281.9168713, 1622556291.3501196, 1622556306.44916, 1622556314.0327694, 1622556338.1789315, 1622556345.8073263, 1622556358.002158, 1622556364.5492456, 1622556385.4737015, 1622556391.1902146, 1622556402.795826, 1622556409.556929, 1622556416.3092973, 1622556429.7756696, 1622556452.0120063, 1622556457.0118992, 1622556463.310541, 1622556469.3021576, 1622556478.9773002, 1622556487.232488, 1622556502.1871154, 1622556507.878637, 1622556515.241844, 1622556524.924623, 1622556531.558811, 1622556542.3423, 1622556551.185319, 1622556558.5798643, 1622556581.7472093, 1622556587.025296, 1622556592.7693033, 1622556605.613223, 1622556618.9828641, 1622556627.858822, 1622556632.936975, 1622556666.1262383, 1622556677.1420472, 1622556687.6550243, 1622556706.3475463, 1622556722.5890357, 1622556733.315882, 1622556745.4134648, 1622556755.354807, 1622556762.6078823, 1622556785.048008, 1622556790.604623, 1622556805.2743592, 1622556814.6788468, 1622556821.237046, 1622556832.36519, 1622556849.0552204, 1622556857.690575, 1622556861.5944579, 1622556886.1259751, 1622556920.7311327, 1622556948.7813842, 1622556973.0660665, 1622557004.7933795, 1622557014.9040725, 1622557052.0948992, 1622557152.331592, 1622557159.5080526, 1622557165.4805653, 1622557176.3799498, 1622557197.4158678, 1622557237.7916837, 1622557243.400785, 1622557248.8812125, 1622557255.8494544, 1622557257.9217732, 1622557352.075063, 1622557429.9478056, 1622557438.4252372, 1622557471.8197293, 1622557502.2217631, 1622557528.4297607, 1622557543.1043808, 1622557550.1504266, 1622557555.5320323, 1622557569.4447918, 1622557588.5174458, 1622557597.3120372, 1622557601.145723, 1622557606.725403, 1622557641.332118, 1622557669.7479882, 1622557678.4351907, 1622557700.9941788, 1622557708.0246747, 1622557714.1460836, 1622557742.5181317, 1622557759.0181556, 1622557786.7870617, 1622557796.825735, 1622557844.7756286, 1622557856.136338, 1622557891.1844175, 1622557895.7914894, 1622557900.4453094, 1622557904.650174, 1622557906.1971545, 1622557907.6479902, 1622557910.733837, 1622557911.5932713, 1622557913.996205, 1622557915.6193824, 1622557916.769162, 1622557918.280627, 1622557919.4835806, 1622557920.4139228, 1622557921.292576, 1622557922.08281, 1622557922.8548174, 1622557923.6288483, 1622557924.426824, 1622557925.2484598, 1622557925.9811254, 1622557926.8597834, 1622557927.6467516, 1622557928.3811338, 1622557929.1666849, 1622557929.9190543, 1622557930.6372566, 1622557931.3566592, 1622557932.0946398, 1622557932.8422065, 1622557933.6170328, 1622557934.4802568, 1622557935.2819395, 1622557936.0486817, 1622557936.8279696, 1622557937.56695, 1622557939.2492132, 1622557946.9472077, 1622557947.640069, 1622557948.3724225, 1622557949.2221544, 1622557949.9564948, 1622557950.869307, 1622557951.6600904, 1622557952.5628595, 1622557953.4234443, 1622557954.1983838, 1622557955.000745, 1622557955.7850146, 1622557956.580771, 1622557957.3517187, 1622557958.1439698, 1622557958.8706236, 1622557959.652109, 1622557960.5187602, 1622557961.3730938, 1622557962.139582, 1622557962.887019, 1622557963.6444557, 1622557964.393181, 1622557965.1723044, 1622557974.9891977, 1622557975.8100467, 1622557976.5772748, 1622557977.2965686, 1622557978.0374498, 1622557978.8346055, 1622557979.5790758, 1622557980.3048158, 1622557981.119619, 1622557981.8674936, 1622557982.7516882, 1622557983.4999347, 1622557984.2560792, 1622557984.9606056, 1622557985.747801, 1622557986.4766183, 1622557987.2329328, 1622557988.0185633, 1622557988.8089693, 1622557989.6155174, 1622557990.358607, 1622557991.0930984, 1622557991.8005881, 1622557992.6159337, 1622557993.3392985, 1622557994.0628562, 1622557994.8454533, 1622557995.6990552, 1622557996.4938045, 1622557997.2731793, 1622557998.129385, 1622557999.0452852, 1622557999.8801455, 1622558000.692777, 1622558001.475576, 1622558002.2332034, 1622558003.025179, 1622558003.8207076, 1622558004.5613692, 1622558005.4047158, 1622558006.1848779, 1622558006.9338987, 1622558007.7244554, 1622558008.5344665, 1622558009.347493, 1622558010.1292803, 1622558010.8976576, 1622558011.7306027, 1622558012.4608977, 1622558013.241829, 1622558014.0106947, 1622558014.7493918, 1622558015.5891047, 1622558016.4180863, 1622558017.1688802, 1622558018.0781124, 1622558018.9054902, 1622558019.7449303, 1622558020.6784403, 1622558021.5205746, 1622558022.2652233, 1622558023.0152688, 1622558023.7401805, 1622558024.4856923, 1622558025.2572923, 1622558026.087179, 1622558026.890334, 1622558027.6501052, 1622558028.3975239, 1622558029.2767391, 1622558030.0630102, 1622558030.7981243, 1622558031.6068323, 1622558032.3496804, 1622558033.1702003, 1622558033.9689662, 1622558034.7309878, 1622558035.501822, 1622558036.3317194, 1622558037.1400466, 1622558037.9428277, 1622558038.7247658, 1622558039.4888537, 1622558040.2898924, 1622558041.1061418, 1622558041.8691926, 1622558042.6356254, 1622558043.4277933, 1622558044.1674817, 1622558044.9768584, 1622558045.7306995, 1622558046.5002182, 1622558047.2425425, 1622558048.0580869, 1622558048.887905, 1622558049.6605146, 1622558050.4354532, 1622558051.2389274, 1622558052.0065544, 1622558052.742041, 1622558053.4613883, 1622558054.3490398], "episode_lengths": [680, 348, 1250, 794, 185, 360, 1032, 506, 1238, 394, 645, 322, 1029, 318, 515, 272, 890, 240, 491, 285, 286, 578, 965, 227, 299, 285, 463, 392, 717, 271, 350, 463, 316, 519, 423, 349, 1120, 246, 273, 617, 643, 422, 240, 1598, 528, 494, 889, 783, 518, 582, 478, 344, 1085, 265, 704, 452, 314, 532, 806, 412, 184, 1184, 1670, 1355, 1165, 1412, 441, 1777, 4866, 339, 286, 522, 1014, 1955, 268, 260, 331, 95, 4567, 3778, 405, 1615, 1474, 1269, 707, 336, 256, 671, 925, 420, 181, 264, 1678, 1373, 415, 1090, 334, 290, 1312, 784, 1343, 483, 2279, 503, 1697, 218, 219, 195, 68, 65, 142, 36, 106, 72, 49, 66, 52, 38, 35, 31, 31, 31, 32, 33, 29, 36, 31, 30, 32, 31, 29, 29, 30, 31, 32, 35, 33, 32, 32, 30, 76, 362, 29, 30, 35, 29, 36, 31, 37, 34, 30, 33, 30, 32, 30, 32, 29, 32, 35, 35, 31, 30, 31, 31, 32, 467, 35, 31, 29, 31, 33, 30, 29, 34, 30, 37, 30, 30, 29, 32, 29, 31, 33, 32, 33, 30, 30, 29, 35, 29, 29, 31, 32, 31, 31, 35, 37, 34, 32, 30, 29, 32, 31, 29, 34, 31, 30, 31, 32, 33, 31, 31, 33, 29, 31, 31, 29, 34, 33, 30, 38, 33, 33, 38, 33, 29, 29, 29, 29, 30, 33, 33, 30, 30, 36, 32, 30, 33, 30, 34, 33, 31, 31, 34, 33, 33, 32, 31, 33, 34, 31, 31, 32, 30, 33, 30, 32, 30, 34, 35, 31, 32, 33, 31, 29, 29, 37],