{"initial_reset_timestamp": 1622490903.9273713, "timestamps": [1622490904.9034173], "episode_lengths": [60], "episode_rewards": [0.938], "episode_types": ["t", "t"]}