{"initial_reset_timestamp": 1622467255.8759646, "timestamps": [1622467286.9986677], "episode_lengths": [2238], "episode_rewards": [-1.2369999999998647], "episode_types": ["t", "t"]}