{"initial_reset_timestamp": 1622583079.3054044, "timestamps": [1622583096.1834793, 1622583135.7681322, 1622583178.2616723, 1622583195.2109509, 1622583220.2889724, 1622583226.1251602, 1622583243.1881526, 1622583271.7422488, 1622583283.9853323, 1622583301.5297556, 1622583311.4852574, 1622583317.550768, 1622583350.3284361], "episode_lengths": [748, 1786, 1948, 775, 1148, 263, 760, 1301, 549, 763, 445, 269, 1507], "episode_rewards": [0.21999999999999942, -0.8569999999999112, -0.9859999999998961, 0.2019999999999994, -0.17999999999998084, 0.7379999999999998, 0.22299999999999942, -0.3779999999999617, 0.4519999999999996, 0.1869999999999994, 0.5559999999999996, 0.7319999999999998, -0.5659999999999392], "episode_types": ["t", "t", "t", "t", "t", "t", "t", "t", "t", "t", "t", "t", "t", "t"]}