{"initial_reset_timestamp": 1622543995.017466, "timestamps": [1622544016.0091195, 1622544083.173694, 1622544209.4066358, 1622544363.0264666, 1622544576.7887113, 1622548673.5969412], "episode_lengths": [1008, 3081, 5735, 7037, 9534, 191352], "episode_rewards": [-0.006999999999999895, -2.079999999999772, -4.73400000000025, -6.036000000000684, -8.533000000000156, -190.35100000054962], "episode_types": ["t", "t", "t", "t", "t", "t", "t"]}