{"initial_reset_timestamp": 1622492648.3957727, "timestamps": [1622492661.6378062, 1622492665.8718083, 1622492667.995477], "episode_lengths": [930, 290, 144], "episode_rewards": [0.07099999999999929, 0.7109999999999999, 0.8569999999999999], "episode_types": ["t", "t", "t", "t"]}